Security Code,Security Name,Company Name,Ex Date,Purpose,Record Date,BC Start Date," BC End Date	",ND Start Date,ND End Date,Actual Payment Date
500228,JSWSTEEL,JSW STEEL LTD.,04-Jan-17,Stock  Split From Rs.10/- to Rs.1/-,05-Jan-17,-,-,29-Dec-16,04-Jan-17,-
530759,STERTOOLS,STERLING TOOLS LTD.-$,09-Jan-17,Stock  Split From Rs.10/- to Rs.2/-,10-Jan-17,-,-,03-Jan-17,09-Jan-17,-
511736,USHDI,USHDEV INTERNATIONAL LTD.,30-Jan-17,Stock  Split From Rs.10/- to Rs.1/-,31-Jan-17,-,-,23-Jan-17,30-Jan-17,-
530201,KALLAM,Kallam Textiles Ltd-$,02-Feb-17,Stock  Split From Rs.10/- to Rs.2/-,03-Feb-17,-,-,27-Jan-17,02-Feb-17,-
539788,KDML,Khemani Distributors & Marketing Ltd,02-Feb-17,Stock  Split From Rs.10/- to Rs.5/-,03-Feb-17,-,-,27-Jan-17,02-Feb-17,-
532783,DAAWAT,LT FOODS LTD.,07-Feb-17,Stock  Split From Rs.10/- to Rs.1/-,08-Feb-17,-,-,01-Feb-17,07-Feb-17,-
532767,GAYAPROJ,GAYATRI PROJECTS LTD.,10-Feb-17,Stock  Split From Rs.10/- to Rs.2/-,13-Feb-17,-,-,06-Feb-17,10-Feb-17,-
532456,COMPUAGE,COMPUAGE INFOCOM LTD.,16-Feb-17,Stock  Split From Rs.10/- to Rs.2/-,17-Feb-17,-,-,10-Feb-17,16-Feb-17,-
538608, DWITIYA,Dwitiya Trading Ltd,17-Feb-17,Stock  Split From Rs.10/- to Rs.2/-,20-Feb-17,-,-,13-Feb-17,16-Feb-17,-
524764,NUTRA,Nutraplus India Limited,27-Feb-17,Stock  Split From Rs.10/- to Rs.5/-,28-Feb-17,-,-,17-Feb-17,27-Feb-17,-
537524,VIAANINDUS,Viaan Industries Ltd,09-Mar-17,Stock  Split From Rs.10/- to Rs.1/-,10-Mar-17,-,-,03-Mar-17,09-Mar-17,-
500049,BEL,BHARAT ELECTRONICS LTD.,16-Mar-17,Stock  Split From Rs.10/- to Rs.1/-,17-Mar-17,-,-,09-Mar-17,16-Mar-17,-
540073,BLS,BLS International Services Ltd,26-Apr-17,Stock  Split From Rs.10/- to Rs.1/-,27-Apr-17,-,-,20-Apr-17,26-Apr-17,-
540361,DANUBE,Danube Industries Ltd,28-Apr-17,Stock  Split From Rs.10/- to Rs.1/-,02-May-17,-,-,24-Apr-17,28-Apr-17,-
539447,BEARDSELL,Beardsell Ltd,04-May-17,Stock  Split From Rs.10/- to Rs.2/-,05-May-17,-,-,28-Apr-17,04-May-17,-
505850,MANCREDIT,MANGAL CREDIT AND FINCORP LTD.,17-May-17,Stock  Split From Rs.10/- to Rs.1/-,18-May-17,-,-,11-May-17,17-May-17,-
540025,ADVENZYMES,Advanced Enzyme Technologies Ltd,25-May-17,Stock  Split From Rs.10/- to Rs.2/-,26-May-17,-,-,19-May-17,25-May-17,-
509635,HINDCOMPOS,HINDUSTAN COMPOSITES LTD.,25-May-17,Stock  Split From Rs.10/- to Rs.5/-,26-May-17,-,-,19-May-17,25-May-17,-
532914,ARCOTECH,ARCOTECH LTD.,22-Jun-17,Stock  Split From Rs.10/- to Rs.2/-,23-Jun-17,-,-,16-Jun-17,22-Jun-17,-
532504,NAVINFLUOR,Navin Fluorine International Limited-$,19-Jul-17,Stock  Split From Rs.10/- to Rs.2/-,20-Jul-17,-,-,13-Jul-17,19-Jul-17,-
512179,SUNTECK,SUNTECK REALTY LTD.,25-Jul-17,Stock  Split From Rs.2/- to Rs.1/-,26-Jul-17,-,-,19-Jul-17,25-Jul-17,-
538557,SAIBABA,Sai Baba Investment And Commercial Enterprises Ltd,27-Jul-17,Stock  Split From Rs.10/- to Rs.1/-,28-Jul-17,-,-,21-Jul-17,27-Jul-17,-
531556,CORALFINAC,CORAL INDIA FINANCE & HOUSING LTD.,03-Aug-17,Stock  Split From Rs.10/- to Rs.2/-,04-Aug-17,-,-,28-Jul-17,03-Aug-17,-
532610,DWARKESH,DWARIKESH SUGAR INDUSTRIES LTD.,10-Aug-17,Stock  Split From Rs.10/- to Rs.1/-,-,12-Aug-17,19-Aug-17,07-Aug-17,10-Aug-17,-
531626,OROSMITHS,OROSIL SMITHS INDIA LTD.-$,24-Aug-17,Stock  Split From Rs.5/- to Rs.1/-,28-Aug-17,-,-,18-Aug-17,24-Aug-17,-
539807,INFIBEAM,Infibeam Avenues Ltd,31-Aug-17,Stock  Split From Rs.10/- to Rs.1/-,01-Sep-17,-,-,24-Aug-17,31-Aug-17,-
502137,DECCANCE,DECCAN CEMENTS LTD.-$,11-Sep-17,Stock  Split From Rs.10/- to Rs.5/-,12-Sep-17,-,-,05-Sep-17,11-Sep-17,-
502219,BORORENEW,Borosil Renewables Ltd,14-Sep-17,Stock  Split From Rs.10/- to Rs.1/-,15-Sep-17,-,-,08-Sep-17,14-Sep-17,-
505355,NESCO,NESCO LTD.,15-Sep-17,Stock  Split From Rs.10/- to Rs.2/-,18-Sep-17,-,-,11-Sep-17,15-Sep-17,-
532648,YESBANK,YES BANK LTD.,21-Sep-17,Stock  Split From Rs.10/- to Rs.2/-,22-Sep-17,-,-,15-Sep-17,21-Sep-17,-
523025,SAFARIND,SAFARI INDUSTRIES (INDIA) LTD.,22-Sep-17,Stock  Split From Rs.10/- to Rs.2/-,25-Sep-17,-,-,18-Sep-17,22-Sep-17,-
532782,SUTLEJTEX,SUTLEJ TEXTILES & INDUSTRIES LTD.,26-Sep-17,Stock  Split From Rs.10/- to Rs.1/-,27-Sep-17,-,-,20-Sep-17,26-Sep-17,-
504000,ELPROINTL,ELPRO INTERNATIONAL LTD.,27-Sep-17,Stock  Split From Rs.2/- to Rs.1/-,28-Sep-17,-,-,21-Sep-17,27-Sep-17,-
532928,TRIL,TRANSFORMERS AND RECTIFIERS (INDIA) LTD.,28-Sep-17,Stock  Split From Rs.10/- to Rs.1/-,30-Sep-17,-,-,25-Sep-17,28-Sep-17,-
520051,JAMNAAUTO,JAMNA AUTO INDUSTRIES LTD.,05-Oct-17,Stock  Split From Rs.5/- to Rs.1/-,06-Oct-17,-,-,28-Sep-17,05-Oct-17,-
519552,HERITGFOOD,Heritage Foods Limited,10-Oct-17,Stock  Split From Rs.10/- to Rs.5/-,11-Oct-17,-,-,04-Oct-17,10-Oct-17,-
511196,CANFINHOME,CAN FIN HOMES LTD.,12-Oct-17,Stock  Split From Rs.10/- to Rs.2/-,13-Oct-17,-,-,06-Oct-17,12-Oct-17,-
532486,POKARNA,POKARNA LTD.,18-Oct-17,Stock  Split From Rs.10/- to Rs.2/-,23-Oct-17,-,-,13-Oct-17,19-Oct-17,-
538598,VISHAL,Vishal Fabrics Ltd,24-Oct-17,Stock  Split From Rs.10/- to Rs.5/-,25-Oct-17,-,-,16-Oct-17,24-Oct-17,-
503811,SIYSIL,SIYARAM SILK MILLS LTD.-$,25-Oct-17,Stock  Split From Rs.10/- to Rs.2/-,26-Oct-17,-,-,17-Oct-17,25-Oct-17,-
505029,ATLASCYCLE,ATLAS CYCLES (HARYANA) LTD.,30-Oct-17,Stock  Split From Rs.10/- to Rs.5/-,31-Oct-17,-,-,24-Oct-17,30-Oct-17,-
512453,SHRJAGP,SHRI JAGDAMBA POLYMERS LTD.,01-Nov-17,Stock  Split From Rs.10/- to Rs.1/-,02-Nov-17,-,-,26-Oct-17,01-Nov-17,-
532514,IGL,INDRAPRASTHA GAS LTD.,09-Nov-17,Stock  Split From Rs.10/- to Rs.2/-,10-Nov-17,-,-,03-Nov-17,09-Nov-17,-
530621,AAIL,Akar Auto Industries Ltd,29-Nov-17,Stock  Split From Rs.10/- to Rs.5/-,01-Dec-17,-,-,24-Nov-17,29-Nov-17,-
531963,UNICRSE,UNIVERSAL CREDIT & SECURITIES LTD.,04-Dec-17,Stock  Split From Rs.5/- to Rs.1/-,05-Dec-17,-,-,27-Nov-17,04-Dec-17,-
539773,ADVIKCA,Advik Capital Ltd,14-Dec-17,Stock  Split From Rs.10/- to Rs.1/-,15-Dec-17,-,-,08-Dec-17,14-Dec-17,-
513291,PREMPIPES,PREMIER PIPES LTD.,22-Dec-17,Stock  Split From Rs.10/- to Rs.5/-,26-Dec-17,-,-,18-Dec-17,22-Dec-17,-
531543,JINDWORLD,JINDAL WORLDWIDE LTD.,26-Dec-17,Stock  Split From Rs.10/- to Rs.5/-,27-Dec-17,-,-,19-Dec-17,26-Dec-17,-
530883,SUCROSA,SUPER CROP SAFE LTD.,04-Jan-18,Stock  Split From Rs.10/- to Rs.2/-,05-Jan-18,-,-,29-Dec-17,04-Jan-18,-
505729,SINGER,SINGER INDIA LTD.,17-Jan-18,Stock  Split From Rs.10/- to Rs.2/-,18-Jan-18,-,-,11-Jan-18,17-Jan-18,-
536799,SRSFIN,SRS Finance Ltd,09-Feb-18,Stock  Split From Rs.10/- to Rs.1/-,12-Feb-18,-,-,05-Feb-18,09-Feb-18,-
532240,INDNIPPON,INDIA NIPPON ELECTRICALS LTD.,21-Mar-18,Stock  Split From Rs.10/- to Rs.5/-,22-Mar-18,-,-,15-Mar-18,21-Mar-18,-
503101,MARATHON,MARATHON NEXTGEN REALTY LTD.,05-Apr-18,Stock  Split From Rs.10/- to Rs.5/-,06-Apr-18,-,-,28-Mar-18,05-Apr-18,-
540696,KCDGROUP,KCD Industries India Ltd,10-Apr-18,Stock  Split From Rs.10/- to Rs.5/-,11-Apr-18,-,-,04-Apr-18,10-Apr-18,-
590006,AMRUTANJAN,AMRUTANJAN HEALTH CARE LTD.-$,13-Apr-18,Stock  Split From Rs.2/- to Rs.1/-,16-Apr-18,-,-,09-Apr-18,13-Apr-18,-
539310,THINKINK,Thinkink Picturez Ltd,17-Apr-18,Stock  Split From Rs.10/- to Rs.1/-,18-Apr-18,-,-,11-Apr-18,17-Apr-18,-
507552,FOODSIN,FOODS & INNS LTD.,19-Apr-18,Stock  Split From Rs.10/- to Rs.1/-,20-Apr-18,-,-,13-Apr-18,19-Apr-18,-
506590,PHILIPCARB,PHILLIPS CARBON BLACK LTD.,19-Apr-18,Stock  Split From Rs.10/- to Rs.2/-,20-Apr-18,-,-,13-Apr-18,19-Apr-18,-
539148,SHIVALIK,Shivalik Rasayan Ltd,19-Apr-18,Stock  Split From Rs.10/- to Rs.5/-,20-Apr-18,-,-,13-Apr-18,19-Apr-18,-
539620,AINFRA,A Infrastructure Ltd,20-Apr-18,Stock  Split From Rs.10/- to Rs.5/-,23-Apr-18,-,-,16-Apr-18,20-Apr-18,-
534309,NBCC,NBCC (India) Ltd,25-Apr-18,Stock  Split From Rs.2/- to Rs.1/-,26-Apr-18,-,-,19-Apr-18,25-Apr-18,-
506373,CITURGIA,CITURGIA BIOCHEMICALS LTD.,26-Apr-18,Stock  Split From Rs.10/- to Rs.2/-,30-Apr-18,-,-,23-Apr-18,26-Apr-18,-
539228,GGPL,Gala Global Products Ltd,10-May-18,Stock  Split From Rs.10/- to Rs.5/-,12-May-18,-,-,07-May-18,10-May-18,-
502850,ZGAEKWAR,GAEKWAR MILLS LTD.,31-May-18,Stock  Split From Rs.100/- to Rs.10/-,01-Jun-18,-,-,25-May-18,31-May-18,-
532796,LUMAXTECH,LUMAX AUTO TECHNOLOGIES LTD.,07-Jun-18,Stock  Split From Rs.10/- to Rs.2/-,08-Jun-18,-,-,01-Jun-18,07-Jun-18,-
537766,BCP,B.C. Power Controls Ltd,14-Jun-18,Stock  Split From Rs.10/- to Rs.2/-,15-Jun-18,-,-,08-Jun-18,14-Jun-18,-
532432,UNITDSPR,UNITED SPIRITS LTD.,15-Jun-18,Stock  Split From Rs.10/- to Rs.2/-,18-Jun-18,-,-,11-Jun-18,15-Jun-18,-
531518,VIKASPROP,Vikas Proppant & Granite Ltd,22-Jun-18,Stock  Split From Rs.10/- to Rs.1/-,25-Jun-18,-,-,18-Jun-18,22-Jun-18,-
532646,UNIPLY,UNIPLY INDUSTRIES LTD.,25-Jun-18,Stock  Split From Rs.10/- to Rs.2/-,26-Jun-18,-,-,19-Jun-18,25-Jun-18,-
512573,AVANTI,AVANTI FEEDS LTD.-$,26-Jun-18,Stock  Split From Rs.2/- to Rs.1/-,27-Jun-18,-,-,20-Jun-18,26-Jun-18,-
531344,CONCOR,CONTAINER CORPORATION OF INDIA LTD.,26-Jun-18,Stock  Split From Rs.10/- to Rs.5/-,27-Jun-18,-,-,20-Jun-18,26-Jun-18,-
526227,FILATEX,FILATEX INDIA LTD.-$,27-Jun-18,Stock  Split From Rs.10/- to Rs.2/-,28-Jun-18,-,-,21-Jun-18,27-Jun-18,-
523151,OTCO,OTCO INTERNATIONAL LTD.,10-Jul-18,Stock  Split From Rs.10/- to Rs.2/-,11-Jul-18,-,-,04-Jul-18,10-Jul-18,-
533265, GALLISPAT,GALLANTT ISPAT LTD.,07-Aug-18,Stock  Split From Rs.10/- to Rs.1/-,08-Aug-18,-,-,01-Aug-18,07-Aug-18,-
506414,FERMENTA,Fermenta Biotech Ltd,08-Aug-18,Stock  Split From Rs.10/- to Rs.5/-,09-Aug-18,-,-,02-Aug-18,08-Aug-18,-
500412,TIRUMALCHM,THIRUMALAI CHEMICALS LTD.,14-Aug-18,Stock  Split From Rs.10/- to Rs.1/-,17-Aug-18,-,-,09-Aug-18,14-Aug-18,-
504067,ZENSARTECH,ZENSAR TECHNOLOGIES LTD.,07-Sep-18,Stock  Split From Rs.10/- to Rs.2/-,10-Sep-18,-,-,03-Sep-18,07-Sep-18,-
539407,GENCON,Generic Engineering Construction and Projects Ltd,17-Sep-18,Stock  Split From Rs.10/- to Rs.5/-,18-Sep-18,-,-,10-Sep-18,17-Sep-18,-
536974,CPL,Captain Polyplast Ltd,19-Sep-18,Stock  Split From Rs.10/- to Rs.2/-,21-Sep-18,-,-,12-Sep-18,19-Sep-18,-
505283,KIRLPNU,KIRLOSKAR PNEUMATIC CO.LTD.,26-Sep-18,Stock  Split From Rs.10/- to Rs.2/-,27-Sep-18,-,-,19-Sep-18,26-Sep-18,-
522263,JMCPROJECT,JMC PROJECTS (INDIA) LTD.-$,04-Oct-18,Stock  Split From Rs.10/- to Rs.2/-,05-Oct-18,-,-,27-Sep-18,04-Oct-18,-
540750,IEX,Indian Energy Exchange Ltd,19-Oct-18,Stock  Split From Rs.10/- to Rs.1/-,22-Oct-18,-,-,12-Oct-18,19-Oct-18,-
521220,DAMOINDUS,DAMODAR INDUSTRIES LTD.-$,25-Oct-18,Stock  Split From Rs.10/- to Rs.5/-,26-Oct-18,-,-,19-Oct-18,25-Oct-18,-
531543,JINDWORLD,JINDAL WORLDWIDE LTD.,31-Oct-18,Stock  Split From Rs.5/- to Rs.1/-,01-Nov-18,-,-,25-Oct-18,31-Oct-18,-
519588,DFM,DFM FOODS LTD.,01-Nov-18,Stock  Split From Rs.10/- to Rs.2/-,02-Nov-18,-,-,26-Oct-18,01-Nov-18,-
539594,MISHTANN ,Mishtann Foods Ltd,01-Nov-18,Stock  Split From Rs.10/- to Rs.1/-,02-Nov-18,-,-,26-Oct-18,01-Nov-18,-
513693,KAJARIR,KIC METALIKS LTD.,02-Nov-18,Stock  Split From Rs.10/- to Rs.2/-,05-Nov-18,-,-,29-Oct-18,02-Nov-18,-
532713,SAKUMA,SAKUMA EXPORTS LTD.,12-Nov-18,Stock  Split From Rs.10/- to Rs.1/-,13-Nov-18,-,-,02-Nov-18,12-Nov-18,-
531859,ORVENPR,ORIENTAL VENEER PRODUCTS LTD.,14-Nov-18,Stock  Split From Rs.10/- to Rs.1/-,15-Nov-18,-,-,06-Nov-18,14-Nov-18,-
500825,BRITANNIA,BRITANNIA INDUSTRIES LTD.,29-Nov-18,Stock  Split From Rs.2/- to Rs.1/-,30-Nov-18,-,-,22-Nov-18,29-Nov-18,-
500078,OAL,Oriental Aromatics Ltd-$,13-Dec-18,Stock  Split From Rs.10/- to Rs.5/-,14-Dec-18,-,-,07-Dec-18,13-Dec-18,-
540728,SAYAJIIND,Sayaji Industries Ltd,27-Dec-18,Stock  Split From Rs.10/- to Rs.5/-,28-Dec-18,-,-,20-Dec-18,27-Dec-18,-
524091,ACRYSIL,ACRYSIL LTD.,10-Jan-19,Stock  Split From Rs.10/- to Rs.2/-,11-Jan-19,-,-,04-Jan-19,10-Jan-19,-
539336,GUJGAS,Gujarat Gas Ltd,15-Jan-19,Stock  Split From Rs.10/- to Rs.2/-,16-Jan-19,-,-,09-Jan-19,15-Jan-19,-
506642,SADHNANIQ,SADHANA NITROCHEM LTD.,29-Jan-19,Stock  Split From Rs.10/- to Rs.5/-,30-Jan-19,-,-,23-Jan-19,29-Jan-19,-
540954,IWP,The Indian Wood Products Company Ltd,15-Feb-19,Stock  Split From Rs.10/- to Rs.2/-,19-Feb-19,-,-,12-Feb-19,15-Feb-19,-
540366,RADIOCITY,Music Broadcast Ltd,20-Feb-19,Stock  Split From Rs.10/- to Rs.2/-,21-Feb-19,-,-,13-Feb-19,20-Feb-19,-
511609,ISLCONSUL,ISL CONSULTING LTD.,08-Mar-19,Stock  Split From Rs.10/- to Rs.5/-,11-Mar-19,-,-,01-Mar-19,08-Mar-19,-
508993,KEDIACN,KEDIA CONSTRUCTION CO.LTD.,14-Mar-19,Stock  Split From Rs.10/- to Rs.5/-,15-Mar-19,-,-,08-Mar-19,14-Mar-19,-
508875,NITINCAST,Nitin Castings Ltd,14-Mar-19,Stock  Split From Rs.10/- to Rs.5/-,15-Mar-19,-,-,08-Mar-19,14-Mar-19,-
533033,ISGEC,ISGEC Heavy Engineering Ltd,28-Mar-19,Stock  Split From Rs.10/- to Rs.1/-,29-Mar-19,-,-,22-Mar-19,27-Mar-19,-
526959,WOODSVILA,WOODSVILLA LTD.,04-Apr-19,Stock  Split From Rs.10/- to Rs.5/-,05-Apr-19,-,-,28-Mar-19,04-Apr-19,-
531592,GENPHARMA,Generic Pharmasec Ltd,11-Apr-19,Stock  Split From Rs.10/- to Rs.1/-,12-Apr-19,-,-,05-Apr-19,11-Apr-19,-
533602,LESHAIND,LESHA INDUSTRIES LTD.,11-Apr-19,Stock  Split From Rs.10/- to Rs.1/-,12-Apr-19,-,-,05-Apr-19,11-Apr-19,-
531512,ORIENTTR,ORIENT TRADELINK LTD.,07-May-19,Stock  Split From Rs.10/- to Rs.2/-,08-May-19,-,-,02-May-19,07-May-19,-
511243,CHOLAFIN,Cholamandalam Investment and Finance Company Ltd,14-Jun-19,Stock  Split From Rs.10/- to Rs.2/-,17-Jun-19,-,-,10-Jun-19,14-Jun-19,-
530581,EKAMLEA,EKAM LEASING & FINANCE CO.LTD.,14-Jun-19,Stock  Split From Rs.10/- to Rs.5/-,17-Jun-19,-,-,10-Jun-19,14-Jun-19,-
523694,APCOTEXIND,APCOTEX INDUSTRIES LTD.,04-Jul-19,Stock  Split From Rs.5/- to Rs.2/-,05-Jul-19,-,-,28-Jun-19,04-Jul-19,-
509887,SINNAR,SINNAR BIDI UDYOG LTD.,30-Jul-19,Stock  Split From Rs.10/- to Rs.5/-,31-Jul-19,-,-,24-Jul-19,30-Jul-19,-
502450,SESHAPAPER,SESHASAYEE PAPER & BOARDS LTD.,19-Aug-19,Stock  Split From Rs.10/- to Rs.2/-,20-Aug-19,-,-,13-Aug-19,19-Aug-19,-
511768,MASTERTR,MASTER TRUST LTD.,26-Aug-19,Stock  Split From Rs.10/- to Rs.5/-,27-Aug-19,-,-,20-Aug-19,26-Aug-19,-
519299,PRIMIND,PRIME INDUSTRIES LTD.,12-Sep-19,Stock  Split From Rs.10/- to Rs.5/-,13-Sep-19,-,-,05-Sep-19,12-Sep-19,-
500180,HDFCBANK,HDFC Bank Ltd,19-Sep-19,Stock  Split From Rs.2/- to Rs.1/-,20-Sep-19,-,-,13-Sep-19,19-Sep-19,-
531281,PGINDST,PG INDUSTRY LTD.,14-Oct-19,Stock  Split From Rs.10/- to Rs.5/-,15-Oct-19,-,-,07-Oct-19,14-Oct-19,-
539201,SATIA,Satia Industries Ltd,15-Oct-19,Stock  Split From Rs.10/- to Rs.1/-,16-Oct-19,-,-,09-Oct-19,15-Oct-19,-
501622,AMALGAM,AMALGAMATED ELECTRICITY CO.LTD.,24-Oct-19,Stock  Split From Rs.10/- to Rs.5/-,25-Oct-19,-,-,17-Oct-19,23-Oct-19,-
508807,ISTLTD,IST LTD.,01-Nov-19,Stock  Split From Rs.10/- to Rs.5/-,04-Nov-19,-,-,25-Oct-19,01-Nov-19,-
513723,HIMGRANI,HIMALAYA GRANITES LTD.-$,08-Nov-19,Stock  Split From Rs.10/- to Rs.5/-,11-Nov-19,-,-,04-Nov-19,08-Nov-19,-
514386,GUJCOTEX,GUJARAT COTEX LTD.,22-Nov-19,Stock  Split From Rs.10/- to Rs.5/-,25-Nov-19,-,-,18-Nov-19,22-Nov-19,-
515127,RAMASIGNS,Ramasigns Industries Ltd,28-Nov-19,Stock  Split From Rs.10/- to Rs.5/-,29-Nov-19,-,-,22-Nov-19,28-Nov-19,-
521064,TRIDENT,TRIDENT LTD.,13-Dec-19,Stock  Split From Rs.10/- to Rs.1/-,16-Dec-19,-,-,09-Dec-19,13-Dec-19,-
503816,SWADPOL,SWADESHI POLYTEX LTD.,09-Jan-20,Stock  Split From Rs.10/- to Rs.1/-,10-Jan-20,-,-,03-Jan-20,09-Jan-20,-
540673,SIS,Security and Intelligence Services (India) Ltd,15-Jan-20,Stock  Split From Rs.10/- to Rs.5/-,16-Jan-20,-,-,09-Jan-20,15-Jan-20,-
524200,VINATIORGA,VINATI ORGANICS LTD.-$,05-Feb-20,Stock  Split From Rs.2/- to Rs.1/-,06-Feb-20,-,-,30-Jan-20,05-Feb-20,-
539875,RSDFIN,RSD Finance Ltd,11-Feb-20,Stock  Split From Rs.10/- to Rs.5/-,12-Feb-20,-,-,05-Feb-20,11-Feb-20,-
539526,SCTL,Suncare Traders Ltd,06-Mar-20,Stock  Split From Rs.10/- to Rs.2/-,09-Mar-20,-,-,02-Mar-20,06-Mar-20,-
507944,BAJAJST,BAJAJ STEEL INDUSTRIES LTD.,24-Mar-20,Stock  Split From Rs.10/- to Rs.5/-,26-Mar-20,-,-,19-Mar-20,25-Mar-20,-
541956,IRCON,IRCON International Ltd,03-Apr-20,Stock  Split From Rs.10/- to Rs.2/-,07-Apr-20,-,-,27-Mar-20,03-Apr-20,-
506642,SADHNANIQ,SADHANA NITROCHEM LTD.,03-Apr-20,Stock  Split From Rs.5/- to Rs.1/-,07-Apr-20,-,-,31-Mar-20,03-Apr-20,-
539894,MADHAVIPL,Madhav Infra Projects Ltd,27-Apr-20,Stock  Split From Rs.10/- to Rs.1/-,28-Apr-20,-,-,21-Apr-20,27-Apr-20,-
523023,SINCLAIR,SINCLAIRS HOTELS LTD.-$,17-Jun-20,Stock  Split From Rs.10/- to Rs.2/-,18-Jun-20,-,-,11-Jun-20,17-Jun-20,-
501343,MOTOGENFIN,MOTOR & GENERAL FINANCE LTD.,19-Jun-20,Stock  Split From Rs.10/- to Rs.5/-,22-Jun-20,-,-,15-Jun-20,19-Jun-20,-
541161,KARDA,Karda Constructions Ltd,02-Jul-20,Stock  Split From Rs.10/- to Rs.2/-,03-Jul-20,-,-,26-Jun-20,02-Jul-20,-
532937,KUANTUM,KUANTUM PAPERS LTD.,14-Jul-20,Stock  Split From Rs.10/- to Rs.1/-,15-Jul-20,-,-,08-Jul-20,14-Jul-20,-
531065,OSWALOR,OSWAL OVERSEAS LTD.,13-Aug-20,Stock  Split From Rs.10/- to Rs.5/-,14-Aug-20,-,-,07-Aug-20,13-Aug-20,-
505200,EICHERMOT,EICHER MOTORS LTD.,24-Aug-20,Stock  Split From Rs.10/- to Rs.1/-,25-Aug-20,-,-,19-Aug-20,24-Aug-20,-
523160,MORGANITE,MORGANITE CRUCIBLE (INDIA) LTD.,31-Aug-20,Stock  Split From Rs.10/- to Rs.5/-,01-Sep-20,-,-,25-Aug-20,31-Aug-20,-
539097,HKG,HKG Ltd,03-Sep-20,Stock  Split From Rs.10/- to Rs.2/-,04-Sep-20,-,-,28-Aug-20,03-Sep-20,-
539354,POLYSPIN,Polyspin Exports Ltd,07-Sep-20,Stock  Split From Rs.10/- to Rs.5/-,08-Sep-20,-,-,02-Sep-20,07-Sep-20,-
540222,LAURUSLABS,Laurus Labs Ltd,29-Sep-20,Stock  Split From Rs.10/- to Rs.2/-,30-Sep-20,-,-,23-Sep-20,29-Sep-20,-
524226,GAEL,GUJARAT AMBUJA EXPORTS LTD.,01-Oct-20,Stock  Split From Rs.2/- to Rs.1/-,05-Oct-20,-,-,25-Sep-20,01-Oct-20,-
540259,SHANGAR,Shangar Decor Ltd,12-Oct-20,Stock  Split From Rs.10/- to Rs.5/-,13-Oct-20,-,-,06-Oct-20,12-Oct-20,-
507514,SDBL,SOM DISTILLERIES & BREWERIES LTD.,15-Oct-20,Stock  Split From Rs.10/- to Rs.5/-,16-Oct-20,-,-,09-Oct-20,15-Oct-20,-
539982,ASYL,Advance Syntex Ltd,04-Jan-17,Bonus issue 3:20,05-Jan-17,-,-,29-Dec-16,04-Jan-17,-
531723,STAMPEDE,Stampede Capital Limited,10-Jan-17,Bonus issue 1:4,11-Jan-17,-,-,09-Jan-17,10-Jan-17,-
533106,OIL,OIL INDIA LTD.,12-Jan-17,Bonus issue 1:3,13-Jan-17,-,-,06-Jan-17,12-Jan-17,-
524764,NUTRA,Nutraplus India Limited,19-Jan-17,Bonus issue 1:10,20-Jan-17,-,-,13-Jan-17,19-Jan-17,-
539223,AMBITION,Ambition Mica Ltd,03-Feb-17,Bonus issue 1:2,06-Feb-17,-,-,30-Jan-17,03-Feb-17,-
531109,ISHANCH,ISHAN DYES & CHEMICALS LTD.,14-Feb-17,Bonus issue 1:2,15-Feb-17,-,-,08-Feb-17,14-Feb-17,-
512626,ORBTEXP,ORBIT EXPORTS LTD.,14-Feb-17,Bonus issue 1:1,15-Feb-17,-,-,09-Feb-17,14-Feb-17,-
534309,NBCC,NBCC (India) Ltd,17-Feb-17,Bonus issue 1:2,21-Feb-17,-,-,14-Feb-17,17-Feb-17,-
539017,ASHFL,Akme Star Housing Finance Ltd,07-Mar-17,Bonus issue 1:1,08-Mar-17,-,-,01-Mar-17,07-Mar-17,-
539428,TEJNAKSH,Tejnaksh Healthcare Ltd,08-Mar-17,Bonus issue 1:1,09-Mar-17,-,-,02-Mar-17,08-Mar-17,-
532155,GAIL,GAIL (INDIA) LTD.,09-Mar-17,Bonus issue 1:3,11-Mar-17,-,-,06-Mar-17,09-Mar-17,-
540023,COLORCHIPS,Colorchips New Media Ltd,10-Mar-17,Bonus issue 1:1,14-Mar-17,-,-,06-Mar-17,10-Mar-17,-
539686,KPEL,K.P. Energy Ltd,15-Mar-17,Bonus issue 1.501     ,16-Mar-17,-,-,08-Mar-17,15-Mar-17,-
532953,VGUARD,V-GUARD INDUSTRIES LTD.,15-Mar-17,Bonus issue 2:5,16-Mar-17,-,-,08-Mar-17,15-Mar-17,-
536170,KUSHAL,Kushal Ltd,16-Mar-17,Bonus issue 1:1,17-Mar-17,-,-,09-Mar-17,16-Mar-17,-
531768,POLYMED,POLY MEDICURE LTD.,24-Mar-17,Bonus issue 1:1,28-Mar-17,-,-,21-Mar-17,24-Mar-17,-
540024,ASHARI,Ashari Agencies Ltd,31-Mar-17,Bonus issue 4:1,03-Apr-17,-,-,24-Mar-17,31-Mar-17,-
531344,CONCOR,CONTAINER CORPORATION OF INDIA LTD.,05-Apr-17,Bonus issue 1:4,06-Apr-17,-,-,29-Mar-17,05-Apr-17,-
534734,RMCHEM,Ram Minerals and Chemicals Ltd,18-Apr-17,Bonus issue 4:1,19-Apr-17,-,-,11-Apr-17,18-Apr-17,-
539447,BEARDSELL,Beardsell Ltd,04-May-17,Bonus issue 1:5,05-May-17,-,-,28-Apr-17,04-May-17,-
509635,HINDCOMPOS,HINDUSTAN COMPOSITES LTD.,25-May-17,Bonus issue 1:2,26-May-17,-,-,19-May-17,25-May-17,-
511766,MUTHTFN,MUTHOOT CAPITAL SERVICES LTD.,12-Jun-17,Bonus issue 1:10,13-Jun-17,-,-,06-Jun-17,12-Jun-17,-
507685,WIPRO,WIPRO LTD.,13-Jun-17,Bonus issue 1:1,14-Jun-17,-,-,07-Jun-17,13-Jun-17,-
532523,BIOCON,BIOCON LTD.,15-Jun-17,Bonus issue 2:1,17-Jun-17,-,-,12-Jun-17,15-Jun-17,-
509945,THACKER,THACKER & CO.LTD.,16-Jun-17,Bonus issue 32:21,19-Jun-17,-,-,12-Jun-17,16-Jun-17,-
532174,ICICIBANK,ICICI BANK LTD.,20-Jun-17,Bonus issue 1:10,-,22-Jun-17,24-Jun-17,15-Jun-17,21-Jun-17,-
532424,GODREJCP,GODREJ CONSUMER PRODUCTS LTD.,22-Jun-17,Bonus issue 1:1,24-Jun-17,-,-,19-Jun-17,22-Jun-17,-
521248,KITEX,KITEX GARMENTS LTD.,22-Jun-17,Bonus issue 2:5,23-Jun-17,-,-,16-Jun-17,22-Jun-17,-
532522,PETRONET,PETRONET LNG LTD.,03-Jul-17,Bonus issue 1:1,04-Jul-17,-,-,27-Jun-17,03-Jul-17,-
523648,PLASTIBLEN,PLASTIBLENDS INDIA LTD.-$,03-Jul-17,Bonus issue 1:1,04-Jul-17,-,-,27-Jun-17,03-Jul-17,-
519260,SANWARIA,Sanwaria Consumer Ltd-$,03-Jul-17,Bonus issue 1:1,04-Jul-17,-,-,27-Jun-17,03-Jul-17,-
517334,MOTHERSUMI,MOTHERSON SUMI SYSTEMS LTD.,05-Jul-17,Bonus issue 1:2,-,07-Jul-17,07-Jul-17,30-Jun-17,06-Jul-17,-
534809,PCJEWELLER,PC JEWELLER LTD.,06-Jul-17,Bonus issue 1:1,07-Jul-17,-,-,30-Jun-17,06-Jul-17,-
512297,SHANTAI,Shantai Industries Ltd,07-Jul-17,Bonus issue 2:1,10-Jul-17,-,-,03-Jul-17,07-Jul-17,-
532906,MAANALU,MAAN ALUMINIUM LTD.,10-Jul-17,Bonus issue 1:1,11-Jul-17,-,-,04-Jul-17,10-Jul-17,-
533088,MHRIL,MAHINDRA HOLIDAYS & RESORTS INDIA LTD.,10-Jul-17,Bonus issue 1:2,11-Jul-17,-,-,04-Jul-17,10-Jul-17,-
500104,HINDPETRO,HINDUSTAN PETROLEUM CORPORATION LTD.,11-Jul-17,Bonus issue 1:2,12-Jul-17,-,-,05-Jul-17,11-Jul-17,-
520059,MUNJALAU,MUNJAL AUTO INDUSTRIES LTD.,11-Jul-17,Bonus issue 1:1,12-Jul-17,-,-,05-Jul-17,11-Jul-17,-
534532,LYPSAGEMS,Lypsa Gems & Jewellery Ltd,12-Jul-17,Bonus issue 2:5,13-Jul-17,-,-,06-Jul-17,12-Jul-17,-
500547,BPCL,BHARAT PETROLEUM CORPORATION LTD.,13-Jul-17,Bonus issue 1:2,15-Jul-17,-,-,10-Jul-17,13-Jul-17,-
532210,CUB,CITY UNION BANK LTD.,13-Jul-17,Bonus issue 1:10,15-Jul-17,-,-,10-Jul-17,13-Jul-17,-
533761,GPTINFRA,GPT INFRAPROJECTS LTD.,13-Jul-17,Bonus issue 1:1,-,15-Jul-17,17-Jul-17,10-Jul-17,13-Jul-17,-
500510,LT,LARSEN & TOUBRO LTD.,13-Jul-17,Bonus issue 1:2,14-Jul-17,-,-,07-Jul-17,13-Jul-17,-
524330,JAYAGROGN,JAYANT AGRO-ORGANICS LTD.,01-Aug-17,Bonus issue 1:1,02-Aug-17,-,-,26-Jul-17,01-Aug-17,-
537820,VFL,Viji Finance Ltd,04-Aug-17,Bonus issue 1:10,07-Aug-17,-,-,31-Jul-17,04-Aug-17,-
538734,CEINSYSTECH,Ceinsys Tech Ltd,10-Aug-17,Bonus issue 1:10,11-Aug-17,-,-,04-Aug-17,10-Aug-17,-
539090,RAJPUTANA,Rajputana Investment and Finance Ltd,28-Aug-17,Bonus issue 9:5,29-Aug-17,-,-,21-Aug-17,28-Aug-17,-
539275,MSL,Mangalam Seeds Ltd,30-Aug-17,Bonus issue 1:1,31-Aug-17,-,-,23-Aug-17,30-Aug-17,-
500325,RELIANCE,RELIANCE INDUSTRIES LTD.,07-Sep-17,Bonus issue 1:1,09-Sep-17,-,-,04-Sep-17,07-Sep-17,-
500408,TATAELXSI,TATA ELXSI LTD.,18-Sep-17,Bonus issue 1:1,19-Sep-17,-,-,12-Sep-17,18-Sep-17,-
539227,LOYAL,Loyal Equipments Ltd,27-Sep-17,Bonus issue 1:2,28-Sep-17,-,-,21-Sep-17,27-Sep-17,-
539207,MANPASAND,Manpasand Beverages Ltd,27-Sep-17,Bonus issue 1:1,28-Sep-17,-,-,21-Sep-17,27-Sep-17,-
533286,MOIL,MOIL LTD.,27-Sep-17,Bonus issue 1:1,28-Sep-17,-,-,21-Sep-17,27-Sep-17,-
500049,BEL,BHARAT ELECTRONICS LTD.,28-Sep-17,Bonus issue 1:10,29-Sep-17,-,-,22-Sep-17,28-Sep-17,-
500493,BHARATFORG,BHARAT FORGE LTD.,28-Sep-17,Bonus issue 1:1,30-Sep-17,-,-,25-Sep-17,28-Sep-17,-
500103,BHEL,BHARAT HEAVY ELECTRICALS LTD.,28-Sep-17,Bonus issue 1:2,30-Sep-17,-,-,25-Sep-17,28-Sep-17,-
524820,PANAMAPET,PANAMA PETROCHEM LTD.,03-Oct-17,Bonus issue 1:2,04-Oct-17,-,-,26-Sep-17,03-Oct-17,-
513097,SHBCLQ,SHIVALIK BIMETAL CONTROLS LTD.,05-Oct-17,Bonus issue 1:1,06-Oct-17,-,-,28-Sep-17,05-Oct-17,-
539229,MRSS,Majestic Research Services and Solutions Ltd,10-Oct-17,Bonus issue 1:1,11-Oct-17,-,-,04-Oct-17,10-Oct-17,-
511463,ALEXANDER,Alexander Stamps And Coin Ltd,11-Oct-17,Bonus issue 1:5,12-Oct-17,-,-,05-Oct-17,11-Oct-17,-
539997,KPL,Kwality Pharmaceuticals Ltd,11-Oct-17,Bonus issue 1:1,12-Oct-17,-,-,09-Oct-17,11-Oct-17,-
530201,KALLAM,Kallam Textiles Ltd-$,12-Oct-17,Bonus issue 1:4,13-Oct-17,-,-,06-Oct-17,12-Oct-17,-
538987,TALBROSENG,Talbros Engineering Ltd,12-Oct-17,Bonus issue 1:1,14-Oct-17,-,-,09-Oct-17,12-Oct-17,-
512277,AUTOINT,AUTORIDERS INTERNATIONAL LTD.,19-Oct-17,Bonus issue 1:1,31-Oct-17,-,-,19-Oct-17,03-Nov-17,-
531591,BAMPSL,BAMPSL SECURITIES LTD.,26-Oct-17,Bonus issue 3:20,27-Oct-17,-,-,18-Oct-17,26-Oct-17,-
539151,ARFIN,Arfin India Ltd,01-Nov-17,Bonus issue 2:1,02-Nov-17,-,-,26-Oct-17,01-Nov-17,-
539228,GGPL,Gala Global Products Ltd,10-Nov-17,Bonus issue 1:20,13-Nov-17,-,-,06-Nov-17,10-Nov-17,-
535910,MMLF,Money Masters Leasing & Finance Ltd,13-Nov-17,Bonus issue 1:4,14-Nov-17,-,-,07-Nov-17,13-Nov-17,-
539363,SKC,Sri Krishna Constructions (India) Ltd,06-Dec-17,Bonus issue 1:10,07-Dec-17,-,-,29-Nov-17,06-Dec-17,-
502355,BALKRISIND,BALKRISHNA INDUSTRIES LTD.-$,21-Dec-17,Bonus issue 1:1,23-Dec-17,-,-,18-Dec-17,21-Dec-17,-
500870,CASTROLIND,CASTROL INDIA LTD.,21-Dec-17,Bonus issue 1:1,23-Dec-17,-,-,18-Dec-17,21-Dec-17,-
500520,M&M,MAHINDRA & MAHINDRA LTD.,21-Dec-17,Bonus issue 1:1,23-Dec-17,-,-,18-Dec-17,21-Dec-17,-
511431,VAKRANGEE,Vakrangee Limited-$,21-Dec-17,Bonus issue 1:1,23-Dec-17,-,-,18-Dec-17,21-Dec-17,-
539841,LANCER,Lancer Container Lines Ltd,03-Jan-18,Bonus issue 3:5,04-Jan-18,-,-,28-Dec-17,03-Jan-18,-
533321,BILENERGY,BIL ENERGY SYSTEMS LTD.,11-Jan-18,Bonus issue 1:1,13-Jan-18,-,-,08-Jan-18,11-Jan-18,-
536128,VKJINFRA,VKJ Infradevelopers Ltd,11-Jan-18,Bonus issue 1:3,13-Jan-18,-,-,08-Jan-18,11-Jan-18,-
507910,FIBERWEB,FIBERWEB (INDIA) LTD.,17-Jan-18,Bonus issue 1:1,18-Jan-18,-,-,11-Jan-18,17-Jan-18,-
533090,EXCEL,Excel Realty N Infra Ltd,23-Jan-18,Bonus issue 2:1,24-Jan-18,-,-,17-Jan-18,23-Jan-18,-
512493,GARNETINT,GARNET INTERNATIONAL LTD.,06-Mar-18,Bonus issue 2:1,07-Mar-18,-,-,27-Feb-18,06-Mar-18,-
539939,YASHCHEM,Yash Chemex Ltd,14-Mar-18,Bonus issue 3:2,15-Mar-18,-,-,08-Mar-18,14-Mar-18,-
530965,IOC,INDIAN OIL CORPORATION LTD.,15-Mar-18,Bonus issue 1:1,17-Mar-18,-,-,12-Mar-18,15-Mar-18,-
540394,JDML,Jash Dealmark Ltd,15-Mar-18,Bonus issue 1:1,17-Mar-18,-,-,12-Mar-18,15-Mar-18,-
526947,LAOPALA,LA OPALA RG LTD.,22-Mar-18,Bonus issue 1:1,23-Mar-18,-,-,16-Mar-18,22-Mar-18,-
502445,CITADEL,CITADEL REALTY AND DEVELOPERS LTD.,26-Mar-18,Bonus issue 1:1,27-Mar-18,-,-,20-Mar-18,26-Mar-18,-
532155,GAIL,GAIL (INDIA) LTD.,27-Mar-18,Bonus issue 1:3,29-Mar-18,-,-,22-Mar-18,27-Mar-18,-
519602,KELLTONTEC,Kellton Tech Solutions Ltd.,27-Mar-18,Bonus issue 1:1,29-Mar-18,-,-,22-Mar-18,27-Mar-18,-
533106,OIL,OIL INDIA LTD.,27-Mar-18,Bonus issue 1:2,29-Mar-18,-,-,22-Mar-18,27-Mar-18,-
538731,HANMAN,Hanman Fit Ltd,10-Apr-18,Bonus issue 1:20,11-Apr-18,-,-,04-Apr-18,10-Apr-18,-
539148,SHIVALIK,Shivalik Rasayan Ltd,19-Apr-18,Bonus issue 1:4,20-Apr-18,-,-,13-Apr-18,19-Apr-18,-
539620,AINFRA,A Infrastructure Ltd,20-Apr-18,Bonus issue 1:1,23-Apr-18,-,-,16-Apr-18,20-Apr-18,-
539686,KPEL,K.P. Energy Ltd,26-Apr-18,Bonus issue 3:10,01-May-18,-,-,24-Apr-18,26-Apr-18,-
539428,TEJNAKSH,Tejnaksh Healthcare Ltd,26-Apr-18,Bonus issue 36:10,28-Apr-18,-,-,23-Apr-18,25-Apr-18,-
513377,MMTC,MMTC LTD.,03-May-18,Bonus issue 1:2,04-May-18,-,-,25-Apr-18,03-May-18,-
539837,RPEL,Raghav Productivity Enhancers Ltd,08-May-18,Bonus issue 2:5,09-May-18,-,-,02-May-18,08-May-18,-
539228,GGPL,Gala Global Products Ltd,10-May-18,Bonus issue 1:20,12-May-18,-,-,07-May-18,10-May-18,-
522014,UNIDT,UNITED DRILLING TOOLS LTD.,10-May-18,Bonus issue 1:1,12-May-18,-,-,07-May-18,10-May-18,-
507488,GMBREW,G.M.BREWERIES LTD.,21-May-18,Bonus issue 1:4,22-May-18,-,-,15-May-18,21-May-18,-
501831,COASTCORP,COASTAL CORPORATION LTD.,23-May-18,Bonus issue 3:1,24-May-18,-,-,17-May-18,23-May-18,-
532540,TCS,TATA CONSULTANCY SERVICES LTD.,31-May-18,Bonus issue 1:1,02-Jun-18,-,-,28-May-18,31-May-18,-
500250,LGBBROSLTD,L.G.BALAKRISHNAN & BROS.LTD.,14-Jun-18,Bonus issue 1:1,16-Jun-18,-,-,11-Jun-18,14-Jun-18,-
532410,TRANSCOR,TRANSCORP INTERNATIONAL LTD.,19-Jun-18,Bonus issue 1:4,20-Jun-18,-,-,13-Jun-18,19-Jun-18,-
500135,EPL,EPL Ltd,20-Jun-18,Bonus issue 1:1,21-Jun-18,-,-,14-Jun-18,20-Jun-18,-
539798,UMIYA,Umiya Tubes Ltd,20-Jun-18,Bonus issue 1:3,21-Jun-18,-,-,14-Jun-18,20-Jun-18,-
531162,EMAMILTD,EMAMI LTD.-$,21-Jun-18,Bonus issue 1:1,22-Jun-18,-,-,15-Jun-18,21-Jun-18,-
533155,JUBLFOOD,Jubilant FoodWorks Ltd,21-Jun-18,Bonus issue 1:1,23-Jun-18,-,-,18-Jun-18,21-Jun-18,-
524735,HIKAL,HIKAL LTD.,22-Jun-18,Bonus issue 1:2,25-Jun-18,-,-,18-Jun-18,22-Jun-18,-
512573,AVANTI,AVANTI FEEDS LTD.-$,26-Jun-18,Bonus issue 1:2,27-Jun-18,-,-,20-Jun-18,26-Jun-18,-
540769,NIACL,The New India Assurance Company Ltd,27-Jun-18,Bonus issue 1:1,28-Jun-18,-,-,21-Jun-18,27-Jun-18,-
532926,JYOTHYLAB,Jyothy Labs Ltd,28-Jun-18,Bonus issue 1:1,30-Jun-18,-,-,25-Jun-18,28-Jun-18,-
540027,PTIL,Prabhat Technologies (India) Ltd,28-Jun-18,Bonus issue 1:5,30-Jun-18,-,-,25-Jun-18,28-Jun-18,-
539217,SRESTHA,Srestha Finvest Ltd,06-Jul-18,Bonus issue 1:10,09-Jul-18,-,-,02-Jul-18,06-Jul-18,-
532210,CUB,CITY UNION BANK LTD.,10-Jul-18,Bonus issue 1:10,11-Jul-18,-,-,04-Jul-18,10-Jul-18,-
532539,MINDAIND,MINDA INDUSTRIES LTD.-$,11-Jul-18,Bonus issue 2:1,12-Jul-18,-,-,05-Jul-18,11-Jul-18,-
533271,ASHOKA,ASHOKA BUILDCON LTD.,12-Jul-18,Bonus issue 1:2,13-Jul-18,-,-,06-Jul-18,12-Jul-18,-
540755,GICRE,General Insurance Corporation of India,12-Jul-18,Bonus issue 1:1,14-Jul-18,-,-,09-Jul-18,12-Jul-18,-
522241,MMFL,M.M.FORGINGS LTD.-$,18-Jul-18,Bonus issue 1:1,19-Jul-18,-,-,12-Jul-18,18-Jul-18,-
502219,BORORENEW,Borosil Renewables Ltd,02-Aug-18,Bonus issue 3:1,03-Aug-18,-,-,27-Jul-18,02-Aug-18,-
514211,SUMEETINDS,SUMEET INDUSTRIES LTD.-$,02-Aug-18,Bonus issue 1:4,04-Aug-18,-,-,30-Jul-18,02-Aug-18,-
506414,FERMENTA,Fermenta Biotech Ltd,08-Aug-18,Bonus issue 1:1,09-Aug-18,-,-,02-Aug-18,08-Aug-18,-
590073,WHEELS,WHEELS INDIA LTD.,08-Aug-18,Bonus issue 1:1,09-Aug-18,-,-,02-Aug-18,08-Aug-18,-
590003,KARURVYSYA,KARUR VYSYA BANK LTD.,14-Aug-18,Bonus issue 1:10,18-Aug-18,-,-,10-Aug-18,14-Aug-18,-
526817,CHEVIOT,CHEVIOT CO.LTD.-$,29-Aug-18,Bonus issue 1:2,30-Aug-18,-,-,23-Aug-18,29-Aug-18,-
500209,INFY,INFOSYS LTD.,04-Sep-18,Bonus issue 1:1,05-Sep-18,-,-,29-Aug-18,04-Sep-18,-
500660,GLAXO,GLAXOSMITHKLINE PHARMACEUTICALS LTD.,11-Sep-18,Bonus issue 1:1,13-Sep-18,-,-,06-Sep-18,11-Sep-18,-
532424,GODREJCP,GODREJ CONSUMER PRODUCTS LTD.,12-Sep-18,Bonus issue 1:2,14-Sep-18,-,-,06-Sep-18,12-Sep-18,-
522108,YUKEN,YUKEN INDIA LTD.-$,12-Sep-18,Bonus issue 3:1,14-Sep-18,-,-,06-Sep-18,12-Sep-18,-
538794,JETINFRA,Jet Infraventure Ltd,14-Sep-18,Bonus issue 1:1,17-Sep-18,-,-,07-Sep-18,14-Sep-18,-
540615,7NR,7NR Retail Ltd,17-Sep-18,Bonus issue 1:2,18-Sep-18,-,-,10-Sep-18,17-Sep-18,-
540730,MEHAI,Mehai Technology Ltd,18-Sep-18,Bonus issue 1:1,19-Sep-18,-,-,11-Sep-18,18-Sep-18,-
539884,DARSHANORNA,Darshan Orna Ltd,19-Sep-18,Bonus issue 11:10,21-Sep-18,-,-,12-Sep-18,19-Sep-18,-
511463,ALEXANDER,Alexander Stamps And Coin Ltd,27-Sep-18,Bonus issue 1:5,28-Sep-18,-,-,21-Sep-18,27-Sep-18,-
517380,IGARASHI,IGARASHI MOTORS INDIA LTD.,27-Sep-18,Bonus issue 0:0,28-Sep-18,-,-,21-Sep-18,27-Sep-18,-
539098,FILTRA,Filtra Consultants and Engineers Ltd,04-Oct-18,Bonus issue 1:5,06-Oct-18,-,-,28-Sep-18,04-Oct-18,-
539963,ZEAL,Zeal Aqua Ltd,04-Oct-18,Bonus issue 2:1,05-Oct-18,-,-,27-Sep-18,04-Oct-18,-
541400,ZIMLAB,Zim Laboratories Ltd,04-Oct-18,Bonus issue 1:1,06-Oct-18,-,-,01-Oct-18,04-Oct-18,-
540956,BHATIA,Bhatia Communications & Retail (India) Ltd,08-Oct-18,Bonus issue 1:1,09-Oct-18,-,-,01-Oct-18,08-Oct-18,-
539546,BNL,Beekay Niryat Ltd,08-Oct-18,Bonus issue 1:1,09-Oct-18,-,-,01-Oct-18,08-Oct-18,-
538891,MCLOUD,Magellanic Cloud Ltd,09-Oct-18,Bonus issue 4:1,10-Oct-18,-,-,03-Oct-18,09-Oct-18,-
526519,ALPINEHOU,ALPINE HOUSING DEVELOPMENT CORPORATION LTD.,11-Oct-18,Bonus issue 1:3,12-Oct-18,-,-,05-Oct-18,11-Oct-18,-
530843,CUPID,CUPID LTD.-$,11-Oct-18,Bonus issue 1:5,12-Oct-18,-,-,05-Oct-18,11-Oct-18,-
539526,SCTL,Suncare Traders Ltd,11-Oct-18,Bonus issue 1:1,12-Oct-18,-,-,05-Oct-18,11-Oct-18,-
530697,ZENLABS,Zenlabs Ethica Ltd,11-Oct-18,Bonus issue 1:20,13-Oct-18,-,-,08-Oct-18,11-Oct-18,-
540147,SHASHIJIT,Shashijit Infraprojects Ltd,12-Oct-18,Bonus issue 1:5,15-Oct-18,-,-,08-Oct-18,12-Oct-18,-
512341,CESL,CES Limited,22-Oct-18,Bonus issue 27:1,23-Oct-18,-,-,15-Oct-18,22-Oct-18,-
531471,DUKEOFS,DUKE OFFSHORE LTD.,26-Oct-18,Bonus issue 1:1,29-Oct-18,-,-,25-Oct-18,26-Oct-18,-
517334,MOTHERSUMI,MOTHERSON SUMI SYSTEMS LTD.,30-Oct-18,Bonus issue 1:2,31-Oct-18,-,-,24-Oct-18,30-Oct-18,-
539151,ARFIN,Arfin India Ltd,13-Nov-18,Bonus issue 1:5,14-Nov-18,-,-,05-Nov-18,13-Nov-18,-
539225,JIYAECO,Jiya Eco-Products Ltd,19-Nov-18,Bonus issue 1:1,21-Nov-18,-,-,14-Nov-18,19-Nov-18,-
539570,ACEWIN,Acewin Agriteck Ltd,29-Nov-18,Bonus issue 6:10,01-Dec-18,-,-,26-Nov-18,29-Nov-18,-
500078,OAL,Oriental Aromatics Ltd-$,13-Dec-18,Bonus issue 1:1,14-Dec-18,-,-,07-Dec-18,13-Dec-18,-
540590,RIDDHICORP,Riddhi Corporate Services Ltd,21-Jan-19,Bonus issue 25:10,22-Jan-19,-,-,15-Jan-19,21-Jan-19,-
531344,CONCOR,CONTAINER CORPORATION OF INDIA LTD.,04-Feb-19,Bonus issue 1:4,05-Feb-19,-,-,29-Jan-19,04-Feb-19,-
513713,WHITEORG,White Organic Agro Ltd,06-Feb-19,Bonus issue 1:1,07-Feb-19,-,-,31-Jan-19,06-Feb-19,-
540954,IWP,The Indian Wood Products Company Ltd,15-Feb-19,Bonus issue 1:1,19-Feb-19,-,-,12-Feb-19,15-Feb-19,-
540401,MAXIMUS,Maximus International Ltd,26-Feb-19,Bonus issue 1:1,27-Feb-19,-,-,20-Feb-19,26-Feb-19,-
539398,VISHALBL,Vishal Bearings Ltd,28-Feb-19,Bonus issue 4:5,04-Mar-19,-,-,25-Feb-19,28-Feb-19,-
507685,WIPRO,WIPRO LTD.,06-Mar-19,Bonus issue 1:3,07-Mar-19,-,-,27-Feb-19,06-Mar-19,-
532555,NTPC,NTPC LTD.,19-Mar-19,Bonus issue 1:5,20-Mar-19,-,-,13-Mar-19,19-Mar-19,-
524542,SUKHJITS,SUKHJIT STARCH & CHEMICALS LTD.-$,27-Mar-19,Bonus issue 1:1,28-Mar-19,-,-,20-Mar-19,27-Mar-19,-
541083,INFLAME,Inflame Appliances Ltd,28-Mar-19,Bonus issue 1:2,30-Mar-19,-,-,25-Mar-19,27-Mar-19,-
539872,BAJAJHCARE,Bajaj Healthcare Ltd,09-Apr-19,Bonus issue 1:1,10-Apr-19,-,-,03-Apr-19,09-Apr-19,-
541304,INDOUS,Indo Us Bio-Tech Ltd,23-Apr-19,Bonus issue 1:4,24-Apr-19,-,-,15-Apr-19,23-Apr-19,-
507552,FOODSIN,FOODS & INNS LTD.,30-Apr-19,Bonus issue 2:1,02-May-19,-,-,23-Apr-19,30-Apr-19,-
512399,KAPASHI,KAPASHI COMMERCIALS LTD.,14-May-19,Bonus issue 3:2,15-May-19,-,-,08-May-19,14-May-19,-
517506,TTKPRESTIG,TTK PRESTIGE LTD.,15-May-19,Bonus issue 1:5,16-May-19,-,-,09-May-19,15-May-19,-
540823,VITESSE,Vitesse Agro Ltd,30-May-19,Bonus issue 1:1,31-May-19,-,-,24-May-19,30-May-19,-
539268,SYNGENE,Syngene International Ltd,11-Jun-19,Bonus issue 1:1,12-Jun-19,-,-,04-Jun-19,11-Jun-19,-
532523,BIOCON,BIOCON LTD.,12-Jun-19,Bonus issue 1:1,13-Jun-19,-,-,06-Jun-19,12-Jun-19,-
542206,NIVAKA,Nivaka Fashions Ltd,24-Jun-19,Bonus issue 4:5,25-Jun-19,-,-,18-Jun-19,24-Jun-19,-
530517,RELAXO,RELAXO FOOTWEARS LTD.-$,26-Jun-19,Bonus issue 1:1,27-Jun-19,-,-,20-Jun-19,26-Jun-19,-
540649,AVADHSUGAR,Avadh Sugar & Energy Ltd,27-Jun-19,Bonus issue 1:1,30-Jun-19,-,-,24-Jun-19,27-Jun-19,-
540614,GGENG,G G Engineering Ltd,27-Jun-19,Bonus issue 2:3,29-Jun-19,-,-,24-Jun-19,27-Jun-19,-
540650,MAGADHSUGAR,Magadh Sugar & Energy Ltd,27-Jun-19,Bonus issue 4:10,30-Jun-19,-,-,24-Jun-19,27-Jun-19,-
540405,OCEANIC,Oceanic Foods Ltd,27-Jun-19,Bonus issue 2:1,28-Jun-19,-,-,21-Jun-19,27-Jun-19,-
512070,UPL,UPL Limited,02-Jul-19,Bonus issue 1:2,03-Jul-19,-,-,26-Jun-19,02-Jul-19,-
532155,GAIL,GAIL (INDIA) LTD.,09-Jul-19,Bonus issue 1:1,10-Jul-19,-,-,03-Jul-19,09-Jul-19,-
531688,PRITHVIEXCH,Prithvi Exchange (India) Ltd,11-Jul-19,Bonus issue 1:2,12-Jul-19,-,-,05-Jul-19,11-Jul-19,-
530803,BHAGIL,Bhageria Industries Ltd,17-Jul-19,Bonus issue 1:1,18-Jul-19,-,-,11-Jul-19,17-Jul-19,-
540652,CTCL,Captain Technocast Ltd,22-Jul-19,Bonus issue 1:1,23-Jul-19,-,-,16-Jul-19,22-Jul-19,-
540180,VBL,Varun Beverages Ltd,25-Jul-19,Bonus issue 1:2,27-Jul-19,-,-,22-Jul-19,25-Jul-19,-
541556,RITES,RITES Ltd,08-Aug-19,Bonus issue 1:4,11-Aug-19,-,-,05-Aug-19,08-Aug-19,-
501430,BOMBCYC,BOMBAY CYCLE & MOTOR AGENCY LTD.,13-Aug-19,Bonus issue 1:1,14-Aug-19,-,-,06-Aug-19,13-Aug-19,-
530643,ECORECO,ECO RECYCLING LTD.,22-Aug-19,Bonus issue 1:10,23-Aug-19,-,-,16-Aug-19,22-Aug-19,-
532051,SWELECTES,Swelect Energy Systems Limited-$,22-Aug-19,Bonus issue 1:2,23-Aug-19,-,-,16-Aug-19,22-Aug-19,-
532929,BRIGADE,BRIGADE ENTERPRISES LTD.,28-Aug-19,Bonus issue 1:2,29-Aug-19,-,-,22-Aug-19,28-Aug-19,-
517522,RAJGLOWIR,RAJRATAN GLOBAL WIRE LTD.,11-Sep-19,Bonus issue 4:3,12-Sep-19,-,-,04-Sep-19,11-Sep-19,-
532830,ASTRAL,ASTRAL POLY TECHNIK LTD.,16-Sep-19,Bonus issue 1:4,17-Sep-19,-,-,09-Sep-19,16-Sep-19,-
530431,ADORFO,ADOR FONTECH LTD.-$,19-Sep-19,Bonus issue 1:1,21-Sep-19,-,-,16-Sep-19,19-Sep-19,-
540697,AMFL,A & M Febcon Ltd,19-Sep-19,Bonus issue 2:5,21-Sep-19,-,-,16-Sep-19,19-Sep-19,-
537092,MODEX,Modex International Securities Ltd,26-Sep-19,Bonus issue 1:1,-,28-Sep-19,30-Sep-19,23-Sep-19,26-Sep-19,-
541701,SUPERSHAKT,Supershakti Metaliks Ltd,26-Sep-19,Bonus issue 1:1,28-Sep-19,-,-,23-Sep-19,26-Sep-19,-
524208,AARTIIND,AARTI INDUSTRIES LTD.,27-Sep-19,Bonus issue 1:1,30-Sep-19,-,-,23-Sep-19,27-Sep-19,-
531412,RADIXIND,Radix Industries (India) Limited,30-Sep-19,Bonus issue 1:2,01-Oct-19,-,-,24-Sep-19,30-Sep-19,-
540545,BGJL,Bhakti Gems and Jewellery Ltd,04-Oct-19,-,07-Oct-19,-,-,27-Sep-19,04-Oct-19,-
542446,JONJUA,Jonjua Overseas Ltd,10-Oct-19,Bonus issue 1:25,11-Oct-19,-,-,03-Oct-19,10-Oct-19,-
540738,STL,Shreeji Translogistics Ltd,14-Oct-19,Bonus issue 2:1,15-Oct-19,-,-,07-Oct-19,14-Oct-19,-
590065,IMPAL,INDIA MOTOR PARTS & ACCESSORIES LTD.,25-Oct-19,Bonus issue 1:2,29-Oct-19,-,-,22-Oct-19,27-Oct-19,-
538446,MONEYBOXX,Moneyboxx Finance Ltd,21-Nov-19,Bonus issue 1:10,23-Nov-19,-,-,18-Nov-19,21-Nov-19,-
532281,HCLTECH,HCL TECHNOLOGIES LTD.,05-Dec-19,Bonus issue 1:1,07-Dec-19,-,-,02-Dec-19,05-Dec-19,-
542285,AXITA,Axita Cotton Ltd,26-Dec-19,Bonus issue 1:1,27-Dec-19,-,-,19-Dec-19,26-Dec-19,-
523319,BALMLAWRIE,BALMER LAWRIE & CO.LTD.,26-Dec-19,Bonus issue 1:2,28-Dec-19,-,-,20-Dec-19,26-Dec-19,-
540727,POOJA,Poojawestern Metaliks Ltd,02-Jan-20,Bonus issue 1:1,04-Jan-20,-,-,30-Dec-19,02-Jan-20,-
539026,SSPNFIN,SSPN Finance Ltd,16-Jan-20,Bonus issue 1:1,17-Jan-20,-,-,10-Jan-20,16-Jan-20,-
540078,MITSU,Mitsu Chem Plast Ltd,28-Jan-20,Bonus issue 2:1,29-Jan-20,-,-,22-Jan-20,28-Jan-20,-
540953,KENVI,Kenvi Jewels Ltd,29-Jan-20,Bonus issue 11:10,30-Jan-20,-,-,23-Jan-20,29-Jan-20,-
540519,MEERA,Meera Industries Ltd,06-Feb-20,Bonus issue 7:5,08-Feb-20,-,-,03-Feb-20,06-Feb-20,-
506414,FERMENTA,Fermenta Biotech Ltd,13-Feb-20,Bonus issue 2:1,14-Feb-20,-,-,07-Feb-20,13-Feb-20,-
539526,SCTL,Suncare Traders Ltd,06-Mar-20,Bonus issue 2:1,09-Mar-20,-,-,02-Mar-20,06-Mar-20,-
540366,RADIOCITY,Music Broadcast Ltd,12-Mar-20,Bonus issue 1:4,13-Mar-20,-,-,05-Mar-20,12-Mar-20,-
532652,KTKBANK,KARNATAKA BANK LTD.,17-Mar-20,Bonus issue 1:10,18-Mar-20,-,-,11-Mar-20,17-Mar-20,-
541444,PALMJEWELS,Palm Jewels Ltd,26-Mar-20,Bonus issue 36:10,27-Mar-20,-,-,19-Mar-20,26-Mar-20,-
539216,GARMNTMNTR,Garment Mantra Lifestyle Ltd,30-Mar-20,Bonus issue 1:2,01-Apr-20,-,-,24-Mar-20,30-Mar-20,-
540252,VSL,Veeram Securities Ltd,13-Apr-20,Bonus issue 13:10,15-Apr-20,-,-,03-Apr-20,13-Apr-20,-
540108,TAHL,Tiaan Ayurvedic & Herbs Ltd,02-Jul-20,Bonus issue 1:4,03-Jul-20,-,-,26-Jun-20,02-Jul-20,-
541865,ASRL,Add-Shop ERetail Ltd,22-Jul-20,Bonus issue 3:4,23-Jul-20,-,-,16-Jul-20,22-Jul-20,-
542667,WORL,White Organic Retail Ltd,28-Jul-20,Bonus issue 1:1,29-Jul-20,-,-,22-Jul-20,28-Jul-20,-
542446,JONJUA,Jonjua Overseas Ltd,30-Jul-20,Bonus issue 1:43,31-Jul-20,-,-,24-Jul-20,30-Jul-20,-
539894,MADHAVIPL,Madhav Infra Projects Ltd,06-Aug-20,Bonus issue 3:1,07-Aug-20,-,-,31-Jul-20,06-Aug-20,-
540726,TTFL,Trident Texofab Ltd,11-Aug-20,Bonus issue 14:10,12-Aug-20,-,-,05-Aug-20,11-Aug-20,-
539354,POLYSPIN,Polyspin Exports Ltd,07-Sep-20,Bonus issue 1:4,08-Sep-20,-,-,02-Sep-20,07-Sep-20,-
540936,GGL,Gautam Gems Ltd,11-Sep-20,Bonus issue 5:6,14-Sep-20,-,-,07-Sep-20,11-Sep-20,-
506642,SADHNANIQ,SADHANA NITROCHEM LTD.,17-Sep-20,Bonus issue 1:2,18-Sep-20,-,-,15-Sep-20,17-Sep-20,-
506260,ANUHPHR,ANUH PHARMA LTD.,18-Sep-20,Bonus issue 1:1,21-Sep-20,-,-,14-Sep-20,18-Sep-20,-
522074,ELGIEQUIP,ELGI EQUIPMENTS LTD.,24-Sep-20,Bonus issue 1:1,26-Sep-20,-,-,23-Sep-20,24-Sep-20,-
543064,SUVENPHAR,Suven Pharmaceuticals Ltd,25-Sep-20,Bonus issue 1:1,28-Sep-20,-,-,21-Sep-20,25-Sep-20,-
524348,AARTIDRUGS,AARTI DRUGS LTD.,30-Sep-20,Bonus issue 3:1,01-Oct-20,-,-,24-Sep-20,30-Sep-20,-
540737,SGRL,Shree Ganesh Remedies Ltd,06-Oct-20,Bonus issue 3:26,07-Oct-20,-,-,29-Sep-20,06-Oct-20,-
539788,KDML,Khemani Distributors & Marketing Ltd,07-Oct-20,Bonus issue 1:1,08-Oct-20,-,-,30-Sep-20,07-Oct-20,-
542034,SMGOLD,S. M. Gold Ltd,08-Oct-20,Bonus issue 1:2,09-Oct-20,-,-,01-Oct-20,08-Oct-20,-
542046,VIVIDM,Vivid Mercantile Ltd,08-Oct-20,Bonus issue 26:10,09-Oct-20,-,-,01-Oct-20,08-Oct-20,-
542019,SHUBHAM,Shubham Polyspin Ltd,09-Oct-20,Bonus issue 1:1,12-Oct-20,-,-,05-Oct-20,09-Oct-20,-
540259,SHANGAR,Shangar Decor Ltd,12-Oct-20,Bonus issue 1:1,13-Oct-20,-,-,06-Oct-20,12-Oct-20,-
539402,VAL,Vaksons Automobiles Ltd,15-Oct-20,Bonus issue 3:5,17-Oct-20,-,-,12-Oct-20,15-Oct-20,-
